z&^Ik#LVGprakZ@$jQV@C@RfGW,Database Systems,4
e%YDV&ycOjIa#@HLc#%vy!XxG,Database Systems,3
@!W@$@zot!Q#R##,Real Analysis,1
R*we@^K*ODoIg#!irpV%^XbpE*,Unspecified,3
%G*E%@N$c@^RTB$f@*o&qBql#Qr,Data Science,1
V$G#VM#^&!gXWg@@,Complex Analysis,2
BUzYw&Y^zYrrmXAJl*,Analysis,4
Viv^@Kt^Z&U$CU&!^!X%@O,Algebra,4
yDPaM^%BJ*F#@xI#w@oJY!FoewRc,Complex Analysis,3
XXnOZP^d!a#!vxO,Database Systems,1
*@k&m*!uHKnjf^oiC$%*JL@!w&i,Data Science,2
iH#Hcr!%XMQ^#&K%^a!Hqv@wbYkLxn,Computer Science,1
$%&zA$fgO,Algebra,1
z$&NF!^jl@&tb!!LvLY@R,Database Systems,3
cBvDfvT,Theoretical Physics,4
&^gq&TE,Computer Science,4
e%!RnS%Mb%Wt*!Q!ue#y,Algebra,2
@&l$IpHkpCss&TGiD^&$iX$@cnEP#,Database Systems,1
QF%xRWSvlACKfAIe,Physics,2
D%pj&mZlq*$Vv@!xNa$ke%Vp,Database Systems,2
DtxmX^Gq&@Ym$ZCPL#fD,Complex Analysis,3
x^Q&M%*EZ$lSbR^K&#%zlG*V,Computer Science,2
A$HDg!f@^zsrp^g*,Data Science,1
q!VQrw@,Data Science,3
fya@*&&aRcx*,Chemistry,2
*zYZoY,Physics,4
xK&^UZ!BMht,Database Systems,1
&^@QrYV,Analysis,2
rfAvzTps^AI,Complex Analysis,3
*d%zp%&!Tk*d,Mathematics,4
#^#f#q#g$d!D@Wy%!!%sIroH$!C$,Physics,2
pDvt%#fv@$@U*lDowVm&Ib*nw$L#,Unspecified,2
l@^Fy^,Physics,4
OqJN#IaUeYfZ!bcvP#ob,Database Systems,3
gr$Ea^FLM*^^Ta^cQ,Analysis,2
k$A@V$$AZ@B%i!%zm,Algebra,2
z*g!ER,Computer Science,2
iP###H^,Analysis,4
h&^*IRBVEns$f,Chemistry,3
Cg#$z%epqB^pT#xL$,Analysis,4
guMbko%#@P^@JPoxr@TFXxE,Mathematics,3
a^L@!rudT%k^*pE@K,Computer Science,3
@LK#&ONk@M@TJt*YB$MK,Complex Analysis,2
o#!Bwh%^v&@#p%,Computer Science,3
PO&r&mwv,Complex Analysis,4
%HT!^B#@ltWG&ofj##$cJL,Mathematics,4
*p#!#pIh%*,Data Science,3
KR#*#!vU#c@^Oq&r^X^CVf$Dkna^,Theoretical Physics,1
nU!B!%!mBx*&,Complex Analysis,3
xGrdrgFFke$LQkXSDX#M@,Analysis,2
R@$YVZhtl*#W,Computer Science,4
&TOdx%vUUMI@wdf$w,Computer Science,1
&cBJYIxO#%@mMyl!new^MP,Unspecified,4
bYMGZ^suw*PwcZz!AkM%,Database Systems,1
UJqaUedGF*K^#w,Mathematics,2
F&YrWmgVMFf^JJaZqkxjRb!DxyTYxV,Chemistry,2
oPM%n&C@oz#hLTQxBP%uCH,Unspecified,4
KdspOQ!,Chemistry,2
GU&FvI!L*S#is*O!%#@!r@,Physics,4
KvYcMr#q@^*&h@b%PyWKYb,Data Science,4
C#^j#xR#kMYl,Real Analysis,1
h&mX@$t,Database Systems,1
OSE%PI*JjsQ#*RP!Ebw,Algebra,1
RaFbBmRR*,Unspecified,1
^QpoT,Computer Science,3
@n^$Bn,Algebra,3
#WKHQ#@S$B*Td*$*B$Rd%bYJX#^*,Database Systems,3
*d*Z*GwQ#*vbGjMD$^xKE@SNouWk,Physics,4
$eFAuJ@yLjg$,Chemistry,1
!#&^^y%VT%O#K,Unspecified,1
Emmb$eZ&K@yokPZu,Chemistry,4
W^IV*E^wh,Real Analysis,3
YD*RAmZ@@&WDkV&%Jw^@x#x,Data Science,2
bgu#xjT,Chemistry,1
&Ztm#OOr%@Q&A#@%XYh@Evp,Physics,2
$C^&Uj%K&w!Ud#T^IB*O&@L^xwm!m,Complex Analysis,4
^q*S@UjhhKynr$n%$F%f$#@GH,Algebra,1
b%flMMo#f*%hpNZxCh,Algebra,2
GmK^JPgjBm&@uRN#$z,Theoretical Physics,3
RLK**dDIo*&WxUGd%^*K^!v&r$B%,Unspecified,3
fVR%yXGLFs,Mathematics,4
cNp!Sp@Kg$$^XrP!^wO@!ieUn,Physics,4
VM@P*#a%&!@$Dvdp&fRQ,Real Analysis,1
UW#PC%Og@vkCBSZ,Complex Analysis,3
Ug%rztLv,Mathematics,4
D%cVY*N^*,Computer Science,1
$!W@g%&M$^E!*#ktboreoKvQw,Mathematics,1
Ao$bVN!ce%c@*tpI*yErP^URJB$,Chemistry,4
r@&CDb^@@eCBw,Analysis,4
EUO@R*G%ffg%#Dxwj&GFOS!vibfE,Theoretical Physics,4
k!$FAT$D$e@j@kKWcZi*O*j#Ro*#$,Real Analysis,1
%TpW%#s#a#x@PswFbSB!^qX&,Data Science,4
zfY$rSpV%x@,Chemistry,1
#S!Io&O*i*SXZA#R%Vxwgum^G*kU,Data Science,4
F$&e,Complex Analysis,4
OhYHiQcIAVIJoSdARBv&w&qdLy^,Chemistry,3
KprxlTFqhy,Real Analysis,1
JA^$M^#Zbk$v*&B^wCw*,Analysis,4
WM*ALAgeiNM@*sHdq!gNBUxb,Physics,2
cDDBADy,Data Science,3
%!p^qyaf#%IEyahYIQC!#L,Real Analysis,2
kIWYA%yOZD^VrFlYoHUH^,Computer Science,1
oNQvlE!elNFK,Physics,4
Yo%BC!$F*u,Analysis,3
*vi$tZJ@@NsR$,Complex Analysis,4
$ow*dJy#JWoWov*$*i!cBej,Data Science,3
K$!zY,Computer Science,1
aFg#bNVglNiIai,Mathematics,3
eO&@z%F@&#%E,Computer Science,4
p#nfDMP#TyG$^$Wq,Algebra,4
!tLV^$,Theoretical Physics,4
#xRZIOS%,Algebra,2
Mf#N$%kq#gi@l#N!@c%,Unspecified,1
nUxAqJ%O&$,Real Analysis,1
@^LJ#e*oyqS*#%b!u,Unspecified,2
t$^RCMmFdFqTd!PxU@%g#b#yC$VsU,Mathematics,4
m%A^a,Physics,3
^$PE&y^OSWohU*gF!#TMTl&lYjl&,Chemistry,3
A$noi&TKeng#^cgc$^T%%TG%pN,Chemistry,4
l^a%U,Database Systems,1
c@IS!GtwANOioaQ!tqk,Analysis,3
*%&&aXKgW&*HNbnK^KbdcFn,Algebra,2
@X@*sl*,Mathematics,1
PaohP%C!vT^vDVY,Mathematics,2
$*HU!%cLueZpITNR!Iv^,Analysis,4
*u%b,Unspecified,4
%n#BuP^W*Gy#Vp@*W!p@H,Algebra,1
nrVsZ@BfIb&&OrO!t&E,Mathematics,2
XI@xayB*t^TGhGA%sy%VpfX&K@Hj,Mathematics,4
LId&MhTl@Vx^,Data Science,3
$*#D&OJfxCge,Theoretical Physics,2
%*lu$,Analysis,3
uwMlSkt#ECCM%L&!A^P#,Physics,2
$K$*o^Uttct&%hM^Z^u,Database Systems,4
RrWST@kLq%E,Chemistry,3
PhdzhFiAU,Complex Analysis,3
D%*Lz@!n$$kS@$f@R&MR&c,Database Systems,1
GFrgW#LaT,Real Analysis,1
Bgc#Y,Mathematics,1
ad^*&%y@vnGvx$L^$*vF,Real Analysis,4
g*TG%nx,Data Science,2
o^dOfB!#InA!%Rg#l@zStmI,Theoretical Physics,4
yoZ!cv#vfgLp&T%YsDL&aBNmST#^,Algebra,1
#Z%FG,Real Analysis,1
!%FNxt*e&qh@ND@!nlHU$UWs,Database Systems,4
hi%H&Y@P%o!%!D!Hu,Unspecified,3
eOn#tS$npq,Theoretical Physics,2
*c&k@!#&nTdSnar*zRskFrdcq%Mryl,Computer Science,4
Rtrw*ZbBK$LEpySHZuciHLR,Algebra,3
&duLNEhtlnzR$$,Real Analysis,4
YoJ$^AAF,Unspecified,1
voYMHj@#K@%&%$ZM!udJ$%#x^g^X,Algebra,2
*$vd!&HgNfG*faXIFOV#,Complex Analysis,4
holO*E@,Real Analysis,2
#mib!$,Real Analysis,4
lI*Yr%&%M%$g,Physics,1
&%zL@nD!,Mathematics,1
H#F##,Chemistry,4
^o^B#,Unspecified,3
D&vtF^%qYOYzaV^,Complex Analysis,1
g&h%w*ri@#^o,Computer Science,2
AtDQSe*hqo!N,Algebra,1
ig%S,Algebra,4
SNTc*^BTILIwIZSzvqEqL$#mLxBDE,Chemistry,4
!jh*SkV*%GDDO$Bx%s,Theoretical Physics,3
b&fY,Algebra,1
$p&rp%yNa%IiNxfy@,Computer Science,2
O$%*DMoE!P#Jofzpf!pwtD$@w,Complex Analysis,2
@*GWmb*M#AP!%p#Lu@J%uTM%kuSJD#,Real Analysis,2
V&AwIK!r,Real Analysis,2
QBG$bn,Mathematics,4
oT^b^^%S@PVYd,Data Science,2
R$*yCPFGFq%#^kWX,Algebra,4
ehjo,Data Science,3
LUtuGJ!#^z!PWZ,Mathematics,2
E@vZO%S!TLc^^W%@p,Computer Science,2
O@vk$I**@YH&usW^KH&aA^,Theoretical Physics,3
^$B$U$u,Theoretical Physics,1
rY@!%rj#&EbtjSmvuNEZN,Computer Science,2
jx&b*k*wnb*MNRDQN#!A,Data Science,3
KyONE#@Z!%BE$VpZ,Algebra,3
#h&km*HyA#!Fsph#Y%bZ,Analysis,2
OApm*ygG#UB#,Algebra,4
Fy@z@ARPPg%^*J@^yH,Physics,2
vpKiK,Physics,1
DELETED,Real Analysis,2
